                  epoch,         train/box_loss,         train/cls_loss,         train/dfl_loss,   metrics/precision(B),      metrics/recall(B),       metrics/mAP50(B),    metrics/mAP50-95(B),           val/box_loss,           val/cls_loss,           val/dfl_loss,                 lr/pg0,                 lr/pg1,                 lr/pg2
                      1,                 1.2311,                  1.416,                 1.4748,                0.87982,                0.84785,                0.89587,                0.57583,                 1.2414,                0.98196,                 1.1449,             0.00066593,             0.00066593,             0.00066593
                      2,                 1.2342,                 1.0487,                 1.4685,                0.88296,                0.86908,                0.90189,                0.61255,                 1.1767,                0.77754,                  1.154,              0.0010687,              0.0010687,              0.0010687
                      3,                 1.1835,                0.95355,                 1.4268,                0.89534,                0.90457,                 0.9349,                0.65241,                 1.0761,                0.74615,                  1.112,              0.0012076,              0.0012076,              0.0012076
                      4,                 1.1253,                0.87925,                 1.3884,                0.91155,                0.93756,                0.94765,                 0.6808,                0.98518,                0.58922,                 1.0624,               0.000812,               0.000812,               0.000812
                      5,                 1.0616,                0.80279,                 1.3418,                0.92965,                0.94486,                0.96875,                0.71919,                0.92535,                0.52972,                 1.0424,               0.000416,               0.000416,               0.000416
